<?xml version="1.0" encoding="utf-8"?><!DOCTYPE nta PUBLIC '-//Uppaal Team//DTD Flat System 1.1//EN' 'http://www.it.uu.se/research/group/darts/uppaal/flat-1_1.dtd'><nta><declaration>// Place global declarations here.

const int LOCKED    = 0;
const int RELEASED  = 1;
const int LEFT      = 0;
const int RIGHT     = 1;
const int OFF       = 0;
const int ON        = 1;
const int DISABLED  = 0;
const int ENABLED   = 1;
const int ABSENT    = 0;
const int PRESENT   = 1;
const int SHUT      = 0;
const int OPEN      = 1;

urgent chan release_doors;
urgent chan brake_on;
urgent chan ready_to_start;
urgent chan ok_to_open[2];
urgent chan platform_ok[2];
urgent chan platform_nok[2];
urgent chan open_door[2];
urgent chan shut_door[2];
urgent chan door_is_shut[2];

</declaration><template><name x="5" y="5">ControlDesk</name><declaration>// Place local declarations here.
int[0,1] doors = LOCKED;
int[0,1] brake = ON;
</declaration><location id="id0" x="0" y="192"></location><location id="id1" x="-160" y="192"></location><location id="id2" x="-416" y="192"></location><location id="id3" x="-576" y="192"></location><location id="id4" x="-736" y="0"></location><location id="id5" x="-544" y="0"></location><location id="id6" x="160" y="0"></location><location id="id7" x="-32" y="0"></location><location id="id8" x="-288" y="0"></location><init ref="id8"/><transition><source ref="id0"/><target ref="id8"/><label kind="synchronisation" x="-204" y="81">door_is_shut[RIGHT]?</label><label kind="assignment" x="-204" y="96">doors = LOCKED,
brake = OFF</label></transition><transition><source ref="id1"/><target ref="id0"/><label kind="synchronisation" x="-140" y="177">shut_door[RIGHT]!</label></transition><transition><source ref="id2"/><target ref="id1"/><label kind="synchronisation" x="-348" y="177">door_is_shut[LEFT]?</label></transition><transition><source ref="id3"/><target ref="id2"/><label kind="synchronisation" x="-556" y="177">shut_door[LEFT]!</label></transition><transition><source ref="id8"/><target ref="id3"/><label kind="synchronisation" x="-492" y="81">ready_to_start?</label></transition><transition><source ref="id4"/><target ref="id8"/><label kind="synchronisation" x="-624" y="-216">ok_to_open[RIGHT]!</label><nail x="-736" y="-192"/><nail x="-288" y="-192"/></transition><transition><source ref="id5"/><target ref="id4"/><label kind="guard" x="-700" y="-30">doors == RELEASED</label><label kind="synchronisation" x="-700" y="-15">ok_to_open[LEFT]!</label></transition><transition><source ref="id5"/><target ref="id8"/><label kind="guard" x="-488" y="-120">doors == LOCKED</label><nail x="-544" y="-96"/><nail x="-288" y="-96"/></transition><transition><source ref="id8"/><target ref="id5"/><label kind="synchronisation" x="-476" y="-15">brake_on?</label><label kind="assignment" x="-476" y="0">brake = ON</label></transition><transition><source ref="id6"/><target ref="id8"/><label kind="synchronisation" x="-144" y="-216">ok_to_open[RIGHT]!</label><nail x="160" y="-192"/><nail x="-288" y="-192"/></transition><transition><source ref="id7"/><target ref="id6"/><label kind="guard" x="4" y="-30">brake == ON</label><label kind="synchronisation" x="4" y="-15">ok_to_open[LEFT]!</label></transition><transition><source ref="id7"/><target ref="id8"/><label kind="guard" x="-216" y="-120">brake == OFF</label><nail x="-32" y="-96"/><nail x="-288" y="-96"/></transition><transition><source ref="id8"/><target ref="id7"/><label kind="synchronisation" x="-268" y="-15">release_doors?</label><label kind="assignment" x="-268" y="0">doors = RELEASED</label></transition></template><template><name>Driver</name><location id="id9" x="0" y="0"></location><init ref="id9"/><transition><source ref="id9"/><target ref="id9"/><label kind="synchronisation" x="-200" y="-8">ready_to_start!</label><nail x="-128" y="64"/><nail x="-128" y="-64"/></transition><transition><source ref="id9"/><target ref="id9"/><label kind="synchronisation" x="-24" y="104">brake_on!</label><nail x="64" y="96"/><nail x="-64" y="96"/></transition><transition><source ref="id9"/><target ref="id9"/><label kind="synchronisation" x="-56" y="-120">release_doors!</label><nail x="64" y="-96"/><nail x="-64" y="-96"/></transition></template><template><name>Door</name><parameter>int[0,1] d</parameter><declaration>int[0,1] door = SHUT;
int[0,1] button = DISABLED;
</declaration><location id="id10" x="-160" y="192"></location><location id="id11" x="64" y="0"></location><location id="id12" x="-160" y="0"></location><init ref="id12"/><transition><source ref="id10"/><target ref="id12"/><label kind="synchronisation" x="-104" y="80">door_is_shut[d]!</label><nail x="-32" y="96"/></transition><transition><source ref="id12"/><target ref="id10"/><label kind="synchronisation" x="-248" y="96">shut_door[d]?</label><label kind="assignment" x="-248" y="120">door = SHUT,
button = DISABLED</label></transition><transition><source ref="id12"/><target ref="id12"/><label kind="guard" x="-408" y="64">button == ENABLED</label><label kind="synchronisation" x="-488" y="-8">open_door[d]?</label><label kind="assignment" x="-360" y="-72">door = OPEN,
button = DISABLED</label><nail x="-384" y="96"/><nail x="-384" y="-96"/></transition><transition><source ref="id11"/><target ref="id12"/><label kind="synchronisation" x="-112" y="-120">platform_nok[d]?</label><nail x="64" y="-96"/><nail x="-160" y="-96"/></transition><transition><source ref="id11"/><target ref="id12"/><label kind="synchronisation" x="-104" y="-232">platform_ok[d]?</label><label kind="assignment" x="-120" y="-216">button = ENABLED</label><nail x="64" y="-192"/><nail x="-160" y="-192"/></transition><transition><source ref="id12"/><target ref="id11"/><label kind="synchronisation" x="-104" y="-24">ok_to_open[d]?</label></transition></template><template><name>Platform</name><parameter>int[0,1] d</parameter><location id="id13" x="0" y="0"></location><init ref="id13"/><transition><source ref="id13"/><target ref="id13"/><label kind="synchronisation" x="-56" y="104">platform_nok[d]!</label><nail x="64" y="96"/><nail x="-64" y="96"/></transition><transition><source ref="id13"/><target ref="id13"/><label kind="synchronisation" x="-64" y="-120">platform_ok[d]!</label><nail x="64" y="-96"/><nail x="-64" y="-96"/></transition></template><template><name>Passenger</name><location id="id14" x="0" y="0"></location><init ref="id14"/><transition><source ref="id14"/><target ref="id14"/><label kind="synchronisation" x="-72" y="104">open_door[RIGHT]!</label><nail x="8" y="16"/><nail x="64" y="96"/><nail x="-64" y="96"/></transition><transition><source ref="id14"/><target ref="id14"/><label kind="synchronisation" x="-72" y="-120">open_door[LEFT]!</label><nail x="64" y="-96"/><nail x="-64" y="-96"/></transition></template><system>// Place template instantiations here.
Driver0 = Driver();
ControlDesk0 = ControlDesk();
DoorLeft = Door(LEFT);
DoorRight = Door(RIGHT);
PlatformLeft = Platform(LEFT);
PlatformRight = Platform(RIGHT);
Passenger0 = Passenger();

// List one or more processes to be composed into a system.
system Driver0, ControlDesk0, DoorLeft, DoorRight, PlatformLeft, PlatformRight, Passenger0;</system></nta>